,actuals,files
0,Abstract,static/holdouts/Abstract/Bradley_Walker_Tomlin/1949/Number_14.jpg
1,Abstract,static/holdouts/Abstract/Frank_Bowling/2011/Rockintored.jpg
2,Abstract,static/holdouts/Abstract/Frank_Bowling/2010/Pondlife.jpg
3,Abstract,static/holdouts/Abstract/Antonio_Corpora/2001/Tramonto.jpg
4,Abstract,static/holdouts/Abstract/Julio_Pomar/1978/Le_Signe.jpg
5,Abstract,static/holdouts/Abstract/Julio_Pomar/1976/Belle-Isle-en-Mer.jpg
6,Abstract,static/holdouts/Abstract/Joan_Miro/1968/Hair_Pursued_by_2_Planets.jpg
7,Abstract,static/holdouts/Abstract/Joan_Miro/1937/The_Air.jpg
8,Abstract,static/holdouts/Abstract/Joan_Miro/1974/Woman_in_front_of_the_sun_I.jpg
9,Abstract,static/holdouts/Abstract/Joan_Miro/1977/Donna_(Wall).jpg
10,Abstract,static/holdouts/Abstract/Joan_Miro/1963/For_David_Fernandez.jpg
11,Abstract,static/holdouts/Abstract/Arshile_Gorky/1943-1948/Untitled.jpg
12,Abstract,static/holdouts/Abstract/Dan_Christensen/1967/PR.jpg
13,Abstract,static/holdouts/Abstract/Dan_Christensen/1988/Swing_Low.jpg
14,Abstract,static/holdouts/Abstract/Kazuo_Nakamura/1956/Structures.jpg
15,Abstract,static/holdouts/Abstract/Robert_Goodnough/1997/Horses_I.jpg
16,Abstract,static/holdouts/Abstract/William_Scott/1957/Blue_Still_Life.jpg
17,Abstract,static/holdouts/Abstract/Joan_Mitchell/1955/City_Landscape.jpg
18,Abstract,static/holdouts/Abstract/Joan_Mitchell/1969/Low_Water.jpg
19,Abstract,static/holdouts/Abstract/Joan_Mitchell/1990-1991/Trees.jpg
20,Abstract,"static/holdouts/Abstract/Joan_Mitchell/1977/Heel,_Sit,_Stay.jpg"
21,Abstract,static/holdouts/Abstract/Roger_Weik/2005/Whisper.jpg
22,Abstract,static/holdouts/Abstract/Roger_Weik/2006/Pompei.jpg
23,Abstract,static/holdouts/Abstract/Endre_Balint/1948/House_at_Szentendre.jpg
24,Abstract,static/holdouts/Abstract/Paul_Jenkins/1983/Untitled.jpg
25,Abstract,static/holdouts/Abstract/Aaron_Siskind/1988/New_York_24.jpg
26,Abstract,static/holdouts/Abstract/Marc_Horowitz/2016/Is_this_stick_special.jpg
27,Abstract,"static/holdouts/Abstract/Marc_Horowitz/2015/The_night_sky_a_bright_spot_appears,_and_gradually_grows.jpg"
28,Abstract,static/holdouts/Abstract/Jean-Paul_Riopelle/1967/Jute_IV.jpg
29,Abstract,static/holdouts/Abstract/Jose_Guerrero/1964/Rojo_Sombrero.jpg
30,Abstract,static/holdouts/Abstract/Jose_Guerrero/XX_cent./Red_Composition.jpg
31,Abstract,static/holdouts/Abstract/Horia_Bernea/1982/Prapor.jpg
32,Abstract,static/holdouts/Abstract/Mathias_Goeritz/1967/Message_(Mensaje).jpg
33,Abstract,static/holdouts/Abstract/Lee_Bontecou/1998/Untitled.jpg
34,Abstract,static/holdouts/Abstract/Lee_Bontecou/1959/Untitled.jpg
35,Abstract,static/holdouts/Abstract/Lee_Bontecou/1970/Eleventh_Stone.jpg
36,Abstract,static/holdouts/Abstract/Elmer_Bischoff/1960/Bay.jpg
37,Abstract,static/holdouts/Abstract/Edward_Corbett/1959/White_Provincetown.jpg
38,Abstract,static/holdouts/Abstract/Gandy_Brodie/1963/Tree_in_the_City.jpg
39,Abstract,static/holdouts/Abstract/Geta_Bratescu/2005/Spaces.jpg
40,Abstract,static/holdouts/Abstract/Atsuko_Tanaka/1989/89a.jpg
41,Abstract,static/holdouts/Abstract/Albert_Irvin/1979/Vincent.jpg
42,Abstract,static/holdouts/Abstract/Albert_Irvin/1980/Orlando.jpg
43,Abstract,static/holdouts/Abstract/Charles_Garabedian/1975/Henry_Inn_No._3.jpg
44,Abstract,"static/holdouts/Abstract/Theodoros_Stamos/1980/Infinity_Field,_Lefkada_Series.jpg"
45,Abstract,static/holdouts/Abstract/Theodoros_Stamos/1986/Edge_of_Burning_Brush.jpg
46,Abstract,static/holdouts/Abstract/Theodoros_Stamos/1962/Classic_Boundaries_IV.jpg
47,Abstract,static/holdouts/Abstract/Theodoros_Stamos/1873/Infinity_Field.jpg
48,Abstract,static/holdouts/Abstract/Daan_Lemaire/2011/G-877_-abstract_watercolor_painting_on_paper_in_gouache_technique.jpg
49,Abstract,static/holdouts/Abstract/Lee_Krasner/1972/Mysteries.jpg
50,Abstract,static/holdouts/Abstract/Lee_Krasner/1947/Shellflower.jpg
51,Abstract,static/holdouts/Abstract/Alfred_Jensen/1967/The_Acrobatic_Rectangle_Per_Six.jpg
52,Abstract,static/holdouts/Abstract/Pedro_Coronel/1977/Luna.jpg
53,Abstract,static/holdouts/Abstract/Jimmy_Ernst/1979/Four_Days.jpg
54,Abstract,static/holdouts/Abstract/Jimmy_Ernst/1946/Abstraction_in_Green_and_Black.jpg
55,Abstract,static/holdouts/Abstract/Wu_Guanzhong/2001/Spring_Breeze.jpg
56,Abstract,static/holdouts/Abstract/Ralph_Rosenborg/1967/Flower_Garden.jpg
57,Abstract,static/holdouts/Abstract/Tsuruko_Yamazaki/1973/Work.jpg
58,Abstract,static/holdouts/Abstract/Adja_Yunkers/1952/The_Bird_Lover.jpg
59,Abstract,static/holdouts/Abstract/Henri_Matisse/1952/La_Perruche_et_la_Sirene.jpg
60,Abstract,static/holdouts/Abstract/Henri_Matisse/1947/Anfitrite.jpg
61,Abstract,static/holdouts/Abstract/Norman_Lewis/1977/Eye_of_the_Storm(Seachange_XV).jpg
62,Abstract,static/holdouts/Abstract/Frederic_Matys_Thursz/1965/Fenetre.jpg
63,Abstract,static/holdouts/Abstract/Sam_Gilliam/1980/Coffee_Thyme.jpg
64,Abstract,"static/holdouts/Abstract/Martin_Chirino/1972/Lady_Verdigris_of_the_Condor_I_(Lady_Lazarus,_Homenaje_a_Sylvia_Plath).jpg"
65,Abstract,static/holdouts/Abstract/Helen_Frankenthaler/1981/Monotype_I.jpg
66,Abstract,static/holdouts/Abstract/Helen_Frankenthaler/1986/Captains_Watch.jpg
67,Abstract,static/holdouts/Abstract/Armand_Vaillancourt/1966/Le_chien_du_Quebec.jpg
68,Abstract,static/holdouts/Abstract/Richard_Diebenkorn/XX_cent./Albuquerque_No._11.jpg
69,Abstract,static/holdouts/Abstract/Sam_Francis/1961/Untitled_(SF_61-012).jpg
70,Abstract,static/holdouts/Abstract/Sam_Francis/1961-1962/Blue_Balls_VIII.jpg
71,Abstract,static/holdouts/Abstract/Ruben_Talberg/2007/Illuminati.jpg
72,Abstract,static/holdouts/Abstract/Brice_Marden/1991/St._Barts_10.jpg
73,Abstract,static/holdouts/Abstract/Brice_Marden/XX_cent./Red_Window_Study.jpg
74,Abstract,static/holdouts/Abstract/Brice_Marden/1972/Suicide_Notes.jpg
75,Abstract,static/holdouts/Abstract/Brice_Marden/1990/The_Studio.jpg
76,Abstract,static/holdouts/Abstract/William_Baziotes/1952/Oriental.jpg
77,Abstract,static/holdouts/Abstract/Jack_Tworkov/1954/Untitled.jpg
78,Abstract,static/holdouts/Abstract/Esteban_Vicente/1982/Zarzuela.jpg
79,Abstract,static/holdouts/Abstract/George_Stefanescu/1981/Cosmic_Characters.jpg
80,Abstract,static/holdouts/Abstract/George_Stefanescu/1978/The_Storm_of__Elements.jpg
81,Abstract,static/holdouts/Abstract/George_Stefanescu/1993/Sweet_Offerings.jpg
82,Abstract,static/holdouts/Abstract/George_Stefanescu/1977/Round_Dance_Ornaments.jpg
83,Abstract,static/holdouts/Abstract/Morris_Louis/1949/Untitled_D11.jpg
84,Abstract,static/holdouts/Abstract/Richards_Ruben/1992/Broken_Circle.jpg
85,Abstract,static/holdouts/Abstract/Anne_Ryan/1953/Untitled_424.jpg
86,Abstract,static/holdouts/Abstract/Anne_Ryan/1946/Personal_World.jpg
87,Abstract,static/holdouts/Abstract/Anne_Ryan/1950/Number_57.jpg
88,Abstract,static/holdouts/Abstract/Perle_Fine/1946/Tyranny_of_Space.jpg
89,Abstract,static/holdouts/Abstract/Kenzo_Okada/1956/Decision.jpg
90,Abstract,static/holdouts/Abstract/Willem_de_Kooning/1965/Untitled.jpg
91,Abstract,static/holdouts/Abstract/Willem_de_Kooning/1945/Still_Life.jpg
92,Abstract,static/holdouts/Abstract/Willem_de_Kooning/1966/Women_Singing_II.jpg
93,Abstract,static/holdouts/Abstract/Willem_de_Kooning/1966-1967/Untitled.jpg
94,Abstract,static/holdouts/Abstract/Gene_Davis/1979/Untitled.jpg
95,Abstract,static/holdouts/Abstract/Manoucher_Yektai/1980/Untitled.jpg
96,Abstract,static/holdouts/Abstract/Manoucher_Yektai/1989/Untitled.jpg
97,Abstract,static/holdouts/Abstract/Clyfford_Still/1947/1947-R-No._1.jpg
98,Abstract,static/holdouts/Abstract/Victor_Hugo/1854/Silhouette_fantastique.jpg
99,Abstract,static/holdouts/Abstract/Alice_Baber/1976/Lord_of_the_Rainbow.jpg
100,Abstract,static/holdouts/Abstract/Alma_Woodsey_Thomas/1958/The_Stormy_Sea.jpg
101,Abstract,static/holdouts/Abstract/Howard_Hodgkin/1979/Here_We_are_in_Croydon.jpg
102,Abstract,static/holdouts/Abstract/Howard_Hodgkin/1984/Clean_Sheets.jpg
103,Abstract,static/holdouts/Abstract/Robert_Huot/1975/Diary_Painting_#48_-_Return_with_Stars.jpg
104,Abstract,static/holdouts/Abstract/Richard_Tuttle/2003/20_Pearls_(5).jpg
105,Abstract,static/holdouts/Abstract/Friedel_Dzubas/XX_cent./Further_Land.jpg
106,Abstract,static/holdouts/Abstract/Friedel_Dzubas/1959/Omen.jpg
107,Abstract,static/holdouts/Abstract/Friedel_Dzubas/1988/Spring_Smell.jpg
108,Abstract,static/holdouts/Abstract/Friedel_Dzubas/1954/Untitled_77.jpg
109,Abstract,static/holdouts/Abstract/Frank_Stella/1982/Yellow_Journal.jpg
110,Abstract,static/holdouts/Abstract/Hassel_Smith/1961/2_to_the_Moon.jpg
111,Abstract,static/holdouts/Abstract/Raoul_Ubac/1972/Rythme_circulaire.jpg
112,Abstract,static/holdouts/Abstract/Noguchi_Isamu_/1945/Time_Lock.jpg
113,Abstract,static/holdouts/Abstract/Noguchi_Isamu_/1962/Mississippi_Fountain.jpg
114,Abstract,static/holdouts/Abstract/Joe_Goode/1980/Oak_Rock.jpg
115,Abstract,static/holdouts/Abstract/Jay_DeFeo/1979/Untitled.jpg
116,Abstract,static/holdouts/Abstract/Cy_Twombly/1988/Untitled_Part_VII.jpg
117,Abstract,static/holdouts/Abstract/Gerhard_Richter/XX_cent./Wallace_Bournes.jpg
118,Abstract,static/holdouts/Abstract/Mark_Tobey/1973/Longing_for_Community.jpg
119,Abstract,static/holdouts/Abstract/Mark_Tobey/1965/Between_Space_and_Time.jpg
120,Abstract,static/holdouts/Abstract/Mark_Tobey/1961/Untitled.jpg
121,Abstract,static/holdouts/Abstract/Mark_Tobey/1949/Animal_Sketches.jpg
122,Abstract,static/holdouts/Abstract/Mark_Tobey/1944/Crystallizations.jpg
123,Abstract,static/holdouts/Abstract/Richard_Pousette-Dart/1969/Serpentine_Saffron.jpg
124,Abstract,static/holdouts/Abstract/Richard_Pousette-Dart/1952/Golden_Dawn.jpg
125,Cubism,static/holdouts/Cubism/Vytautas_Kairiukstis/1923/Cubist_Portrait.jpg
126,Cubism,static/holdouts/Cubism/Olexandr_Archipenko/1918/Vase_Figure.jpg
127,Cubism,static/holdouts/Cubism/Olexandr_Archipenko/1920/Composition_1920.jpg
128,Cubism,static/holdouts/Cubism/Mario_Prassinos/1946/Untitled.jpg
129,Cubism,static/holdouts/Cubism/Jean_Metzinger/1913/Les_Baigneuses.jpg
130,Cubism,static/holdouts/Cubism/Jean_Metzinger/1912/La_Plume_Jaune.jpg
131,Cubism,static/holdouts/Cubism/Le_Corbusier/1922/La_bouteille_de_vin_orange.jpg
132,Cubism,static/holdouts/Cubism/Le_Corbusier/1944/Etude_pour_sculpture.jpg
133,Cubism,static/holdouts/Cubism/Georges_Braque/1934/Still_life_with_red_tablecloth.jpg
134,Cubism,static/holdouts/Cubism/Georges_Braque/1909/Still_Life_with_a_Metronome.jpg
135,Cubism,static/holdouts/Cubism/Georges_Braque/1939/The_Painter_and_His_Model.jpg
136,Cubism,static/holdouts/Cubism/Andre_Lhote/1957/Route_a_la_Cadire.jpg
137,Cubism,static/holdouts/Cubism/Yervand_Kochar/1960/ECSTASY.jpg
138,Cubism,static/holdouts/Cubism/Roy_Lichtenstein/1974/The_red_horseman.jpg
139,Cubism,static/holdouts/Cubism/Giuseppe_Santomaso/1952/Struttura_marina.jpg
140,Cubism,static/holdouts/Cubism/Roger_Bissiere/XIX-XX_cent./La_guitare.jpg
141,Cubism,static/holdouts/Cubism/Rene_Magritte/1920/Landscape.jpg
142,Cubism,static/holdouts/Cubism/Gosta_Adrian-Nilsson/1928/Vertical_figure.jpg
143,Cubism,static/holdouts/Cubism/Gosta_Adrian-Nilsson/1922/Mekanik_-_Sandskopa.jpg
144,Cubism,static/holdouts/Cubism/Gosta_Adrian-Nilsson/1917/Soldat.jpg
145,Cubism,static/holdouts/Cubism/Raoul_Dufy/1910/Landscape_of_Falaise.jpg
146,Cubism,static/holdouts/Cubism/Raoul_Dufy/1915/Hommage_to_Mozart.jpg
147,Cubism,static/holdouts/Cubism/Juan_Gris/1925/Book_and_Guitar.jpg
148,Cubism,"static/holdouts/Cubism/Juan_Gris/1919/Still_Life_with_Guitar,_Book_and_newspaper.jpg"
149,Cubism,static/holdouts/Cubism/Nikos_Hadjikyriakos-Ghikas/1973/Kifissia.jpg
150,Cubism,static/holdouts/Cubism/Nikos_Hadjikyriakos-Ghikas/1971/Mythical_creatures_on_the_beach.jpg
151,Cubism,static/holdouts/Cubism/Gino_Severini/1950/A_dancer.jpg
152,Cubism,static/holdouts/Cubism/Patrick_Caulfield/1989/The_Blue_Posts.jpg
153,Cubism,static/holdouts/Cubism/Franz_Marc/1913/Seated_Mythical_Animal.jpg
154,Cubism,static/holdouts/Cubism/Franz_Marc/1912/Tiger.jpg
155,Cubism,static/holdouts/Cubism/Franz_Marc/1914/Small_Composition_III.jpg
156,Cubism,static/holdouts/Cubism/Patrick_Henry_Bruce/1930/Painting.jpg
157,Cubism,static/holdouts/Cubism/Maria_Helena_Vieira_da_Silva/XX_cent./La_recitlte.jpg
158,Cubism,static/holdouts/Cubism/Leopold_Survage/XIX-XX_cent/De la cor_de_Theatre_pour_Les_Euclides.jpg
159,Cubism,static/holdouts/Cubism/Marevna_(Marie_Vorobieff)/1956/Portrait_of_Marc_Chagall.jpg
160,Cubism,static/holdouts/Cubism/Marevna_(Marie_Vorobieff)/XX_cent./Portrait_of_a_stylist_Germinal_Rangel.jpg
161,Cubism,static/holdouts/Cubism/Jose_de_Almada-Negreiros/1949/Domingo_Lisboeta.jpg
162,Cubism,static/holdouts/Cubism/Julio_Gonzalez/1942/Main_gauche_levee_no._2.jpg
163,Cubism,static/holdouts/Cubism/Julio_Gonzalez/1937/Femme_au_miroir.jpg
164,Cubism,static/holdouts/Cubism/Enrico_Prampolini/XX_cent./Cassandra.jpg
165,Cubism,static/holdouts/Cubism/Jean_David/XX_cent./House.jpg
166,Cubism,static/holdouts/Cubism/Jean_David/1959/Portrait_of_a_Woman_(Ceramic).jpg
167,Cubism,static/holdouts/Cubism/Jean_David/1950/Visit_Israel.jpg
168,Cubism,static/holdouts/Cubism/Boris_Grigoriev/1919/Sunflowers.jpg
169,Cubism,static/holdouts/Cubism/Marc_Chagall/1913/The_Fiddler.jpg
170,Cubism,static/holdouts/Cubism/Marc_Chagall/1912/The_Cattle_Dealer.jpg
171,Cubism,static/holdouts/Cubism/Marc_Chagall/1917/House_at_Vitebsk.jpg
172,Cubism,static/holdouts/Cubism/Marc_Chagall/1914/David_in_profile.jpg
173,Cubism,static/holdouts/Cubism/Georg_Pauli/1922/Fyra_flickor_och_en_student.jpg
174,Cubism,static/holdouts/Cubism/Ramon_Oviedo/1994/Question.jpg
175,Cubism,static/holdouts/Cubism/Vadym_Meller/1923/A_Sketch_of_a_Man_Costume_for_the_Play_by_E._Sinclair_Jimmie_Higgins.jpg
176,Cubism,static/holdouts/Cubism/Lyonel_Feininger/1913/Harbor_Mole.jpg
177,Cubism,static/holdouts/Cubism/Lyonel_Feininger/1937/Mid-Ocean.jpg
178,Cubism,static/holdouts/Cubism/Lyonel_Feininger/1924/Barfuesserkirche_I.jpg
179,Cubism,static/holdouts/Cubism/Vicente_Manansala/XX_cent./Untitled.jpg
180,Cubism,static/holdouts/Cubism/Oscar_Dominguez/1942/Femme_sur_Divan.jpg
181,Cubism,static/holdouts/Cubism/Man_Ray/1972/Electro-Magie.jpg
182,Cubism,static/holdouts/Cubism/Paul_Cezanne/1904/Rocks_near_the_Caves_below_the_Chateau_Noir.jpg
183,Cubism,static/holdouts/Cubism/Paul_Cezanne/1906/Large_Bathers.jpg
184,Cubism,static/holdouts/Cubism/Henri_Laurens/1916/La_bouteille.jpg
185,Cubism,static/holdouts/Cubism/Henri_Laurens/1935/Eventide.jpg
186,Cubism,static/holdouts/Cubism/Henri_Laurens/XIX-XX_cent./Untitled_(from_Dialogues).jpg
187,Cubism,static/holdouts/Cubism/Henri_Laurens/1919/Man_with_Pipe.jpg
188,Cubism,static/holdouts/Cubism/Kmetty/1911-1917/Self-Portrait.jpg
189,Cubism,static/holdouts/Cubism/Kmetty/1951/Side_Table_with_Mirror.jpg
190,Cubism,static/holdouts/Cubism/Kmetty/1920/Self-Portrait.jpg
191,Cubism,static/holdouts/Cubism/Jacques_Lipchitz/1915/Seated_Nude.jpg
192,Cubism,static/holdouts/Cubism/Wyndham_Lewis/1919/A_Battery_Shelled.jpg
193,Cubism,static/holdouts/Cubism/Louis_Marcoussis/1930/Figures_and_Marine_Anchor.jpg
194,Cubism,static/holdouts/Cubism/Louis_Marcoussis/1929/Untitled_Still_Life.jpg
195,Cubism,static/holdouts/Cubism/Louis_Marcoussis/XIX-XX_cent./Viareggio_(La_depeche_de_Toulouse).jpg
196,Cubism,static/holdouts/Cubism/Louis_Marcoussis/1921/Guitar_and_Pomegranates_by_a_Window.jpg
197,Cubism,static/holdouts/Cubism/Alekos_Kontopoulos_/XX_cent./Enangalismos.jpg
198,Cubism,static/holdouts/Cubism/Andre_Masson/1923/The_meals.jpg
199,Cubism,static/holdouts/Cubism/Miriam_Schapiro/1992/Popova.jpg
200,Cubism,static/holdouts/Cubism/Albert_Gleizes/1912/Football_Players.jpg
201,Cubism,static/holdouts/Cubism/Albert_Gleizes/1921/Femme_Cubiste.jpg
202,Cubism,static/holdouts/Cubism/M._H._Maxy/1935/St._George_Place_in_Crotches.jpg
203,Cubism,static/holdouts/Cubism/M._H._Maxy/1934/Serenade.jpg
204,Cubism,static/holdouts/Cubism/M._H._Maxy/1924/Nude_with_Idol.jpg
205,Cubism,static/holdouts/Cubism/Diego_Rivera/1914/Portrait_of_Two_Women.jpg
206,Cubism,static/holdouts/Cubism/Auguste_Herbin/1925/The_Red_House.jpg
207,Cubism,static/holdouts/Cubism/Auguste_Herbin/XIX-XX_cent./Composition.jpg
208,Cubism,static/holdouts/Cubism/Pablo_Picasso/1907/Woman_with_yellow_shirt.jpg
209,Cubism,"static/holdouts/Cubism/Pablo_Picasso/1908/Pot,_Glass_and_Book.jpg"
210,Cubism,static/holdouts/Cubism/Jacques_Villon/1951/The_Armchair.jpg
211,Cubism,static/holdouts/Cubism/Jacques_Villon/1952/Rider_in_the_Ring.jpg
212,Cubism,static/holdouts/Cubism/Jacques_Villon/XIX-XX_cent./Les_peupliers.jpg
213,Cubism,static/holdouts/Cubism/Jacques_Villon/1944/Phaedre_et_Hyppolite.jpg
214,Cubism,static/holdouts/Cubism/Leo_Leuppi/1933/London.jpg
215,Cubism,static/holdouts/Cubism/Konstantinos_Parthenis/XIX-XX_cent./Pink_Figure_(Wizard).jpg
216,Cubism,static/holdouts/Cubism/Vilhelm_Lundstrom/1941/Still_Life.jpg
217,Cubism,"static/holdouts/Cubism/Vilhelm_Lundstrom/1933/Still_Life_with_White_Jar,_Orange_and_Book.jpg"
218,Cubism,static/holdouts/Cubism/George_Stefanescu/1982/Minstrels_(Noblemens_Carol_Singers).jpg
219,Cubism,static/holdouts/Cubism/Lin_Fengmian/XX_cent./Opera_Figures.jpg
220,Cubism,static/holdouts/Cubism/Fernand_Leger/1921/Skating_Rink_Marine_blue_and_red_drawing_of_costume.jpg
221,Cubism,static/holdouts/Cubism/Fernand_Leger/1920/Composition.jpg
222,Cubism,static/holdouts/Cubism/Fernand_Leger/1918-1919/Discs.jpg
223,Cubism,static/holdouts/Cubism/M.F._Husain/XX-XXI_cent./African_Woman.jpg
224,Cubism,static/holdouts/Cubism/Marcel_Janco/1925-1927/Caf&#233;_Concert.jpg
225,Cubism,static/holdouts/Cubism/Olga_Rozanova/1916/Jack_of_Clubs.jpg
226,Cubism,static/holdouts/Cubism/Olga_Rozanova/1912-1915/King_of_clubs.jpg
227,Cubism,static/holdouts/Cubism/Amadeo_de_Souza-Cardoso/1916/Parto_da_viola_Bom_Manage.jpg
228,Cubism,static/holdouts/Cubism/Emily_Carr/1930/Guyasdoms_De_Sonoqua.jpg
229,Cubism,static/holdouts/Cubism/Emily_Carr/1946/A_Skidegate_Beaver_Pole.jpg
230,Cubism,static/holdouts/Cubism/Jankel_Adler/1944/Woman_with_a_Cat.jpg
231,Cubism,static/holdouts/Cubism/Jankel_Adler/1920/Kubistische_Komposition.jpg
232,Cubism,"static/holdouts/Cubism/Nzante_Spee/1995/The_Man,_the_Women_and_the_Child.jpg"
233,Cubism,static/holdouts/Cubism/Carlos_Merida/XX_cent./Plano_complejo.jpg
234,Cubism,static/holdouts/Cubism/Ion_Alin_Gheorghiu/1992/Composition.jpg
235,Cubism,static/holdouts/Cubism/Ion_Alin_Gheorghiu/2000/Composition_II.jpg
236,Cubism,static/holdouts/Cubism/Paul_Klee/1914/View_Towards_the_Port_of_Hammamet.jpg
237,Cubism,static/holdouts/Cubism/Max_Weber/XIX-XX_cent./The_Two_Musicians.jpg
238,Cubism,static/holdouts/Cubism/Max_Weber/1911/Figures_in_a_Landscape.jpg
239,Cubism,static/holdouts/Cubism/Karl_Knaths/1948/Green_Squash.jpg
240,Cubism,static/holdouts/Cubism/Karl_Knaths/1932/Geranium_at_Night_Window.jpg
241,Cubism,static/holdouts/Cubism/Karl_Knaths/1946/Deer_in_Sunset.jpg
242,Cubism,static/holdouts/Cubism/Sandor_Bortnyik/1919/Red_Factory.jpg
243,Cubism,static/holdouts/Cubism/Eduardo_Viana/1916/K4_Quadrado_Azul.jpg
244,Cubism,static/holdouts/Cubism/Natalia_Goncharova/1910/Elder_with_seven_stars.jpg
245,Cubism,static/holdouts/Cubism/Willi_Baumeister/1923/Apollo.jpg
246,Cubism,static/holdouts/Cubism/Willi_Baumeister/1948/Red_Landscape.jpg
247,Cubism,static/holdouts/Cubism/Pyotr_Konchalovsky/1913/Mount_Cassis.jpg
248,Cubism,static/holdouts/Cubism/Pyotr_Konchalovsky/1916/A_tree.jpg
249,Expressionism,static/holdouts/Expressionism/Chronis_Botsoglou/XX_cent./Woman_in_the_oil_press.jpg
250,Expressionism,static/holdouts/Expressionism/Francis_Picabia/1942-1944/The_Creeks.jpg
251,Expressionism,static/holdouts/Expressionism/John_Bratby/1967/Josephine_and_Joey_Pleasence.jpg
252,Expressionism,static/holdouts/Expressionism/Sidney_Nolan/1967/Inferno_I.jpg
253,Expressionism,static/holdouts/Expressionism/George_Bouzianis/1929-1931/House_in_the_Countryside.jpg
254,Expressionism,static/holdouts/Expressionism/Jacob_Epstein/1933/Isobel.jpg
255,Expressionism,static/holdouts/Expressionism/Nicolae_Tonitza/1936/Turk_Women_in_Balcic.jpg
256,Expressionism,static/holdouts/Expressionism/Mily_Possoz/1930/La_arbre_de_Noel_I.jpg
257,Expressionism,"static/holdouts/Expressionism/George_Luks/XIX-XX_cent./Lower_Ausable_Lake,_Adirondacks.jpg"
258,Expressionism,static/holdouts/Expressionism/Toyen/XX_cent./Torso.jpg
259,Expressionism,"static/holdouts/Expressionism/Georges_Braque/1929/Lemon,_walnuts_and_pot_with_tobacco.jpg"
260,Expressionism,static/holdouts/Expressionism/Michel_Kikoine/XX_cent./Still_Life_with_a_Bowl_of_Fruit.jpg
261,Expressionism,static/holdouts/Expressionism/Kmetty_Janos/1950/Laid_Table.jpg
262,Expressionism,static/holdouts/Expressionism/Kazimir_Malevich/1927/Carpenter.jpg
263,Expressionism,static/holdouts/Expressionism/Istvan_Ilosvai_Varga/1947/Blue_Colours.jpg
264,Expressionism,static/holdouts/Expressionism/Vilho_Lampi/1924/Tytot_ja_ruusu.jpg
265,Expressionism,static/holdouts/Expressionism/Jacoba_van_Heemskerck/1915/Landschap.jpg
266,Expressionism,static/holdouts/Expressionism/Raben_Fernan/2016/Retrato_de_un_Elefante.jpg
267,Expressionism,static/holdouts/Expressionism/Akseli_Gallen-Kallela/1899/Sunset.jpg
268,Expressionism,static/holdouts/Expressionism/Andre_Derain/1907/Bathers.jpg
269,Expressionism,static/holdouts/Expressionism/Andre_Derain/1913/The_portrait_of_woman.jpg
270,Expressionism,static/holdouts/Expressionism/Andre_Derain/1935/The_Cup_of_Tea.jpg
271,Expressionism,static/holdouts/Expressionism/Ding_Yanyong/1971/Li_Bais_Drunken_Calligraphy.jpg
272,Expressionism,static/holdouts/Expressionism/Ding_Yanyong/1963/Nudes.jpg
273,Expressionism,static/holdouts/Expressionism/Ding_Yanyong/1975/Bird_under_Loquat_Tree.jpg
274,Expressionism,static/holdouts/Expressionism/Franz_Marc/1911/Haystacks_in_the_Snow.jpg
275,Expressionism,static/holdouts/Expressionism/Salvador_Dali/1922-1923/Nude_in_a_Landscape.jpg
276,Expressionism,static/holdouts/Expressionism/Salvador_Dali/1921/Motherhood.jpg
277,Expressionism,static/holdouts/Expressionism/Zinaida_Serebriakova/1923/Portrait_of_a_Woman.jpg
278,Expressionism,static/holdouts/Expressionism/Tsuguharu_Foujita/XIX-XX_cent./Birth_Of_Jesus_Christ.jpg
279,Expressionism,static/holdouts/Expressionism/Otto_Mueller/1919/Zwei_Madchen_Im_Wald.jpg
280,Expressionism,static/holdouts/Expressionism/Horia_Bernea/XX-XXI_cent./Expressionist_Landscape.jpg
281,Expressionism,static/holdouts/Expressionism/Egon_Schiele/1909/Man_with_Blue_Headband_and_Hand_on_Cheek.jpg
282,Expressionism,static/holdouts/Expressionism/Egon_Schiele/1911/Child_in_Black.jpg
283,Expressionism,static/holdouts/Expressionism/Vytautas_Kasiulis/1980/Moulin_Rouge.jpg
284,Expressionism,static/holdouts/Expressionism/Victor_Zaretsky/1983/Autumn.jpg
285,Expressionism,static/holdouts/Expressionism/Ion_Pacea/XX_cent./Flori.jpg
286,Expressionism,static/holdouts/Expressionism/Kerry_James_Marshall/2011/Portrait_of_Nat_Turner_with_the_Head_of_his_Master.jpg
287,Expressionism,static/holdouts/Expressionism/Gustave_de_Smet/1939/Dark_snow.jpg
288,Expressionism,static/holdouts/Expressionism/Jean_David/XX_cent./Couple.jpg
289,Expressionism,static/holdouts/Expressionism/Mario_Zanini/XX_cent./Football.jpg
290,Expressionism,static/holdouts/Expressionism/Marc_Chagall/1911/Interior_II.jpg
291,Expressionism,static/holdouts/Expressionism/Abidin_Dino/1973/Self-Portrait.jpg
292,Expressionism,static/holdouts/Expressionism/Jacob_Lawrence/1945/Home_Chores.jpg
293,Expressionism,static/holdouts/Expressionism/Paula_Rego/2001/Come_to_Me.jpg
294,Expressionism,"static/holdouts/Expressionism/Max_Beckmann/XIX-XX_cent./Lion_Tamer,_Circus.jpg"
295,Expressionism,static/holdouts/Expressionism/Max_Beckmann/1946/Afternoon.jpg
296,Expressionism,static/holdouts/Expressionism/Iosif_Iser/1909/Nude_with_Book.jpg
297,Expressionism,static/holdouts/Expressionism/Iosif_Iser/XIX-XX_cent./Tired_Dancer.jpg
298,Expressionism,static/holdouts/Expressionism/Endre_Bartos/1974/In_embrace_of_a_dragonfly.jpg
299,Expressionism,static/holdouts/Expressionism/Yiannis_Moralis/1965/10_colored_drawings_for_the_poems_of_George_Seferis.jpg
300,Expressionism,"static/holdouts/Expressionism/Paul_Werner/2006/View_over_excavation_Oosterdok,_Amsterdam_city.jpg"
301,Expressionism,static/holdouts/Expressionism/Alexandru_Phoebus/1931/Worker_(Agriculture).jpg
302,Expressionism,static/holdouts/Expressionism/Vilmos_Aba-Novak/1925/Drinkers_(Wine_Drinkers).jpg
303,Expressionism,static/holdouts/Expressionism/Otto_Dix/1935/Randegg_in_the_snow_with_ravens.jpg
304,Expressionism,static/holdouts/Expressionism/Otto_Dix/1922/To_Beauty.jpg
305,Expressionism,static/holdouts/Expressionism/Erin_Hanson/XX_cent./Oaks_in_Green.jpg
306,Expressionism,static/holdouts/Expressionism/Dimitris_Mytaras/XX_cent./Female_Figure.jpg
307,Expressionism,static/holdouts/Expressionism/Edwin_Dickinson/1913/ONeils_Wharf.jpg
308,Expressionism,static/holdouts/Expressionism/O._Louis_Guglielmi/1954/Serenade.jpg
309,Expressionism,static/holdouts/Expressionism/Bernardo_Marques/XX_cent./Sem_to_Paisagem_do_Mar.jpg
310,Expressionism,static/holdouts/Expressionism/Karl_Schrag/XX_cent./Road_into_the_Sanctuary_Sanibel.jpg
311,Expressionism,static/holdouts/Expressionism/Irma_Stern/1957/Zanzibar_Woman_with_Chicken.jpg
312,Expressionism,static/holdouts/Expressionism/Robert_Falk/1913/Still_Life_with_a_Ficus.jpg
313,Expressionism,static/holdouts/Expressionism/Xu_Beihong/XX_cent./A_Sketch_of_Gertrude_at_Five.jpg
314,Expressionism,static/holdouts/Expressionism/Wassily_Kandinsky/1911/Angel_of_the_Last_Judgment.jpg
315,Expressionism,static/holdouts/Expressionism/Henri_Matisse/1911/Red_Fish_and_a_Sculpture.jpg
316,Expressionism,static/holdouts/Expressionism/Avigdor_Arikha/1977/Jerusalem_Cypresses_and_Lavender.jpg
317,Expressionism,static/holdouts/Expressionism/Avigdor_Arikha/1975/Judean_Landscape.jpg
318,Expressionism,static/holdouts/Expressionism/Vajda_Lajos/1935/Self-Portrait_in_a_Mask.jpg
319,Expressionism,static/holdouts/Expressionism/Prudence_Heward/1933/Farmhouse_and_Car.jpg
320,Expressionism,static/holdouts/Expressionism/Alexander_Calder/1965/Hooked_Rug.jpg
321,Expressionism,static/holdouts/Expressionism/Alexander_Calder/1927/Helen_Wills.jpg
322,Expressionism,static/holdouts/Expressionism/Max_Pechstein/1912/Ballet_Dancers.jpg
323,Expressionism,static/holdouts/Expressionism/Max_Pechstein/1919/Waldweg.jpg
324,Expressionism,static/holdouts/Expressionism/Lajos_Gulacsy_/1903/Self-portrait.jpg
325,Expressionism,static/holdouts/Expressionism/Stanis≈Çaw_Ignacy_Witkiewicz/1922/Composition.jpg
326,Expressionism,static/holdouts/Expressionism/Jean_Paul_Lemieux/1973/Les_masques.jpg
327,Expressionism,static/holdouts/Expressionism/Jean_Paul_Lemieux/XX_cent./Le_Parasol.jpg
328,Expressionism,static/holdouts/Expressionism/Gabriele_Munter/1911/Beim_Malen_wohl_Marianne_von_Werefkin.jpg
329,Expressionism,static/holdouts/Expressionism/John_Brack/1956/The_conference.jpg
330,Expressionism,static/holdouts/Expressionism/Jose_Gutierrez_Solana/1930/Sailor_with_Basket.jpg
331,Expressionism,static/holdouts/Expressionism/Charles_Maurin/XIX-XX_cent./Footbath.jpg
332,Expressionism,static/holdouts/Expressionism/Margareta_Sterian/XX_cent./Daughter_of_the_Pharaoh.jpg
333,Expressionism,static/holdouts/Expressionism/Pablo_Picasso/1903/Seated_female_nude.jpg
334,Expressionism,static/holdouts/Expressionism/Pablo_Picasso/1901/Portrait_of_Jaime_Sabartes_(The_bock).jpg
335,Expressionism,static/holdouts/Expressionism/Pablo_Picasso/1902/Mother_and_child.jpg
336,Expressionism,static/holdouts/Expressionism/Charles_Blackman/1953/Schoolgirl_and_Shadow.jpg
337,Expressionism,static/holdouts/Expressionism/Charles_Blackman/1961/Black_Girl_with_Friend.jpg
338,Expressionism,"static/holdouts/Expressionism/Tahir_Salahov/1978/Granada,_the_Roofs.jpg"
339,Expressionism,static/holdouts/Expressionism/Jose_Pancetti/1945/O_Enterro_de_Crian_del_Rey.jpg
340,Expressionism,static/holdouts/Expressionism/Helene_Schjerfbeck/1915/The_Family_Heirloom.jpg
341,Expressionism,static/holdouts/Expressionism/Helene_Schjerfbeck/1927/Rosy-Cheeked_Girl.jpg
342,Expressionism,static/holdouts/Expressionism/Lovis_Corinth/1918/The_Abduction.jpg
343,Expressionism,static/holdouts/Expressionism/Serge_Sudeikin/XIX-XX_cent./Lovers_in_the_field.jpg
344,Expressionism,static/holdouts/Expressionism/Leon_Spilliaert/1913/Young_Woman_and_Dog.jpg
345,Expressionism,static/holdouts/Expressionism/Ernst_Ludwig_Kirchner/1910/Dodo_with_Large_Fan.jpg
346,Expressionism,static/holdouts/Expressionism/Albin_Egger-Lienz/1922/Des_Kunstlers_Tochter_Lorli.jpg
347,Expressionism,static/holdouts/Expressionism/Konstantinos_Parthenis/1919/Bathers.jpg
348,Expressionism,static/holdouts/Expressionism/Saul_Steinberg/1966/Untitled_(Steinberg).jpg
349,Expressionism,static/holdouts/Expressionism/George_Stefanescu/1969/Beginning.jpg
350,Expressionism,static/holdouts/Expressionism/Balthus/1926/The_First_Communicants.jpg
351,Expressionism,static/holdouts/Expressionism/Christian_Rohlfs/1919/Death_as_a_Juggler_(Revolution).jpg
352,Expressionism,static/holdouts/Expressionism/Alexandre_Jacovleff/1927/Dessins_Et_Peintures_De_Afrique.jpg
353,Expressionism,static/holdouts/Expressionism/Marcel_Janco/XX_cent./Mother_and_Children.jpg
354,Expressionism,static/holdouts/Expressionism/Patrick_Procktor/1968/Mathilde_Verlaine_in_Bed.jpg
355,Expressionism,static/holdouts/Expressionism/Manoucher_Yektai/1962/Untitled.jpg
356,Expressionism,static/holdouts/Expressionism/Karl_Schmidt-Rottluff/1914/Two_Women.jpg
357,Expressionism,static/holdouts/Expressionism/Varlin/1957/Rue_de_Steinkerque_in_Paris.jpg
358,Expressionism,"static/holdouts/Expressionism/Varlin/XX_cent./View_onto_Sacre_Coeur,_Montmartre.jpg"
359,Expressionism,static/holdouts/Expressionism/Louisa_Matthiasdottir/XX-XXI_cent./Reykjavik_Harbor.jpg
360,Expressionism,static/holdouts/Expressionism/Anatoli_Papian/1957/The_old_mine.jpg
361,Expressionism,static/holdouts/Expressionism/Yasuo_Kuniyoshi/1928/Flowers_in_Friends_Window.jpg
362,Expressionism,static/holdouts/Expressionism/Yasuo_Kuniyoshi/1924/Landscape.jpg
363,Expressionism,static/holdouts/Expressionism/Yasuo_Kuniyoshi/1927/The_Bather.jpg
364,Expressionism,static/holdouts/Expressionism/Yasuo_Kuniyoshi/1920/Circus_Girl_No._1_-_(On_the_Wire).jpg
365,Expressionism,static/holdouts/Expressionism/Ion_Tuculescu/XX_cent./Composition_Wtih_Dolls.jpg
366,Expressionism,static/holdouts/Expressionism/Menez/1987/Sem_tulo.jpg
367,Expressionism,static/holdouts/Expressionism/Paul_Guiragossian/1991/La_famille.jpg
368,Expressionism,static/holdouts/Expressionism/M.C._Escher/1919/Parrot.jpg
369,Expressionism,static/holdouts/Expressionism/M.C._Escher/1920/Father_with_Magnifying_Glass.jpg
370,Expressionism,static/holdouts/Expressionism/Vlady/XX-XXI_cent./Pesadilla_(parafrasis_de_Fuseli).jpg
371,Expressionism,static/holdouts/Expressionism/Manuela_Sambo/1996/Tod.jpg
372,Expressionism,static/holdouts/Expressionism/Marin_Gherasim/XX-XXI_cent./unknown_title.jpg
373,Expressionism,static/holdouts/Expressionism/Edvard_Munch/1893/By_the_Deathbed_(Fever).jpg
374,Pointillism,static/holdouts/Pointillism/Edouard_Vuillard/1905/Home_Maxime.jpg
375,Pointillism,static/holdouts/Pointillism/Edouard_Vuillard/1890/Portrait_of_Marie_Vuillard.jpg
376,Pointillism,static/holdouts/Pointillism/Henri_Martin/XIX-XX_cent./Garden_of_Labastide_du_Ver_in_Marquayrol.jpg
377,Pointillism,static/holdouts/Pointillism/Henri_Martin/1902/View_from_the_Artists_Studio.jpg
378,Pointillism,static/holdouts/Pointillism/Jean_Metzinger/1904/Paysage.jpg
379,Pointillism,static/holdouts/Pointillism/Jean_Metzinger/1905/Paysage_aux_deux_Cyprus.jpg
380,Pointillism,static/holdouts/Pointillism/Jean_Metzinger/1906/Landscape_Couch_de_soleil_no._1.jpg
381,Pointillism,static/holdouts/Pointillism/Camille_Pissarro/1885/Haystack_Eragny.jpg
382,Pointillism,static/holdouts/Pointillism/Camille_Pissarro/1881/Peasant_girl_drinking_her_coffee.jpg
383,Pointillism,static/holdouts/Pointillism/Camille_Pissarro/1886/Meadow_at_Bazincourt.jpg
384,Pointillism,"static/holdouts/Pointillism/Camille_Pissarro/1891/Hampton_Court_Green,_London.jpg"
385,Pointillism,"static/holdouts/Pointillism/Camille_Pissarro/XIX-XX_cent./Kew,_the_Path_to_the_Main_Conservatory.jpg"
386,Pointillism,static/holdouts/Pointillism/Camille_Pissarro/1888/Shepherd_and_Sheep.jpg
387,Pointillism,static/holdouts/Pointillism/Camille_Pissarro/1883/Women_Gathering_Grass.jpg
388,Pointillism,static/holdouts/Pointillism/Camille_Pissarro/1890/Paul_Emile_Pissarro.jpg
389,Pointillism,static/holdouts/Pointillism/Georges_Vantongerloo/1916/Interior_With_Woman.jpg
390,Pointillism,static/holdouts/Pointillism/Georges_Vantongerloo/XIX-XX_cent./A_seated_lady.jpg
391,Pointillism,static/holdouts/Pointillism/Kazimir_Malevich/1908/Landscape.jpg
392,Pointillism,static/holdouts/Pointillism/Kazimir_Malevich/1906/Winter_Landscape.jpg
393,Pointillism,static/holdouts/Pointillism/Jacoba_van_Heemskerck/1909/In_the_garden.jpg
394,Pointillism,static/holdouts/Pointillism/Andre_Derain/1905/Boats_at_Collioure.jpg
395,Pointillism,"static/holdouts/Pointillism/Andre_Derain/1906/Effect_of_Sun_on_the_Water,_London.jpg"
396,Pointillism,static/holdouts/Pointillism/Salvador_Dali/1920-1921/Small_Rocky_Bay_of_Nans_(Cadaques).jpg
397,Pointillism,"static/holdouts/Pointillism/Salvador_Dali/1922/Madrid,_Architecture_and_Poplars.jpg"
398,Pointillism,static/holdouts/Pointillism/Arthur_Segal/XIX-XX_cent./Marseilles.jpg
399,Pointillism,static/holdouts/Pointillism/Richard_Gerstl/1907/Railway_to_the_Kahlenberg.jpg
400,Pointillism,static/holdouts/Pointillism/Richard_Gerstl/1906-1907/Self-Portrait.jpg
401,Pointillism,static/holdouts/Pointillism/Richard_Gerstl/1906/Emile_Gerstl_(father).jpg
402,Pointillism,static/holdouts/Pointillism/Marevna_(Marie_Vorobieff)/1929/Self-portrait.jpg
403,Pointillism,static/holdouts/Pointillism/Marevna_(Marie_Vorobieff)/1936/Senegal_solgier.jpg
404,Pointillism,static/holdouts/Pointillism/Marevna_(Marie_Vorobieff)/XX_cent./not_identified.jpg
405,Pointillism,static/holdouts/Pointillism/Marevna_(Marie_Vorobieff)/1970/Marika_with_a_bouquet_of_flowers.jpg
406,Pointillism,"static/holdouts/Pointillism/Maurice_Prendergast/1907/Rising_Tide,_St._Malo.jpg"
407,Pointillism,static/holdouts/Pointillism/Maurice_Prendergast/1914-1915/A_Day_in_the_Country.jpg
408,Pointillism,static/holdouts/Pointillism/Maurice_Prendergast/1910-1911/Children_in_the_Tree.jpg
409,Pointillism,static/holdouts/Pointillism/Jan_Toorop/XIX-XX_cent./Landscape_with_canal.jpg
410,Pointillism,static/holdouts/Pointillism/Umberto_Boccioni/1909/Riot_in_the_Galleria.jpg
411,Pointillism,static/holdouts/Pointillism/Georges_Lemmen/1892/View_of_the_Thames.jpg
412,Pointillism,static/holdouts/Pointillism/Georges_Lemmen/1891/Portrait_of_the_Artists_Sister.jpg
413,Pointillism,static/holdouts/Pointillism/Georges_Lemmen/1890/Self-Portrait.jpg
414,Pointillism,static/holdouts/Pointillism/Marsden_Hartley/1908/The_Ice_Hole.jpg
415,Pointillism,static/holdouts/Pointillism/Marsden_Hartley/1909/Hall_of_the_Mountain_King.jpg
416,Pointillism,static/holdouts/Pointillism/Samuel_Mutzner/1908/Landscape_from_Giverny.jpg
417,Pointillism,static/holdouts/Pointillism/Samuel_Mutzner/XIX-XX_cent./Landscape_in_Giverny.jpg
418,Pointillism,static/holdouts/Pointillism/Henri_Matisse/1904/Notre_Dame.jpg
419,Pointillism,static/holdouts/Pointillism/Henri_Matisse/XIX-XX_cent./Still_Life.jpg
420,Pointillism,static/holdouts/Pointillism/Yeghishe_Tadevosyan/1909/The_Genius_and_the_Crowd.jpg
421,Pointillism,static/holdouts/Pointillism/Theo_van_Rysselberghe/1889/Little_Denise.jpg
422,Pointillism,static/holdouts/Pointillism/Theo_van_Rysselberghe/1893/View_of_the_River_Scheldt.jpg
423,Pointillism,static/holdouts/Pointillism/Theo_van_Rysselberghe/1903/The_Violinist.jpg
424,Pointillism,static/holdouts/Pointillism/Theo_van_Rysselberghe/1904/East_Wind.jpg
425,Pointillism,static/holdouts/Pointillism/Theo_van_Rysselberghe/1895/Portrait_of_Jeanne_Pissarro.jpg
426,Pointillism,static/holdouts/Pointillism/Theo_van_Rysselberghe/1892/The_Regata.jpg
427,Pointillism,static/holdouts/Pointillism/Theo_van_Rysselberghe/1900/The_Race_Track_at_Boulogne_sur_Mer.jpg
428,Pointillism,static/holdouts/Pointillism/Theo_van_Rysselberghe/1891/Maria_Sethe_at_the_Harmonium.jpg
429,Pointillism,static/holdouts/Pointillism/Theo_van_Rysselberghe/1894/Portrait_of_the_Painters_Uncle.jpg
430,Pointillism,static/holdouts/Pointillism/Theo_van_Rysselberghe/1901/Summer_Afternoon_(Tea_in_the_Garden).jpg
431,Pointillism,static/holdouts/Pointillism/Theo_van_Rysselberghe/1896/Paul_Signac_at_the_Helm_of_Olympia.jpg
432,Pointillism,static/holdouts/Pointillism/Theo_van_Rysselberghe/1899/Sunset_at_Ambletsuse.jpg
433,Pointillism,static/holdouts/Pointillism/Theo_van_Rysselberghe/1887/Portrait_of_a_Woman_in_Black.jpg
434,Pointillism,static/holdouts/Pointillism/Theo_van_Rysselberghe/1890/Portrait_of_Madame_Charles_Maus.jpg
435,Pointillism,static/holdouts/Pointillism/Giacomo_Balla/1904/A_Workers_Day.jpg
436,Pointillism,static/holdouts/Pointillism/Kees_van_Dongen/1905/Sheaf_binders.jpg
437,Pointillism,static/holdouts/Pointillism/Pablo_Picasso/1917/The_happy_family.jpg
438,Pointillism,static/holdouts/Pointillism/Georges_Seurat/1885/View_of_Fort_Samson.jpg
439,Pointillism,static/holdouts/Pointillism/Georges_Seurat/1884/Bathers_at_Asnieres.jpg
440,Pointillism,static/holdouts/Pointillism/Georges_Seurat/1882-1883/The_Artists_Mother.jpg
441,Pointillism,static/holdouts/Pointillism/Georges_Seurat/1881-1882/Suburb.jpg
442,Pointillism,static/holdouts/Pointillism/Georges_Seurat/1881/The_Forest_at_Pontaubert.jpg
443,Pointillism,static/holdouts/Pointillism/Georges_Seurat/1884-1886/Sunday_Afternoon_on_the_Island_of_La_Grande_Jatte.jpg
444,Pointillism,static/holdouts/Pointillism/Georges_Seurat/1886/The_Pont_de_Courbevoie.jpg
445,Pointillism,static/holdouts/Pointillism/Georges_Seurat/1882/The_black_bow.jpg
446,Pointillism,static/holdouts/Pointillism/Georges_Seurat/1886-1887/The_Bridge_at_Courbevoie.jpg
447,Pointillism,static/holdouts/Pointillism/Georges_Seurat/1888/Study_for_Invitation_to_the_Sideshow.jpg
448,Pointillism,"static/holdouts/Pointillism/Georges_Seurat/1883-1884/Courbevoie,_Landscape_With_Turret.jpg"
449,Pointillism,static/holdouts/Pointillism/Georges_Seurat/1884-1888/Woman_Seated_by_an_Easel.jpg
450,Pointillism,"static/holdouts/Pointillism/Georges_Seurat/1887/Poseur_standing,_front_view,_study.jpg"
451,Pointillism,static/holdouts/Pointillism/Georges_Seurat/1883/The_Watering_Can.jpg
452,Pointillism,static/holdouts/Pointillism/Paul_Signac/1925/Lighthouse_at_Groix.jpg
453,Pointillism,"static/holdouts/Pointillism/Paul_Signac/1907/Fort_Saint-Jean,_Marseilles.jpg"
454,Pointillism,static/holdouts/Pointillism/Paul_Signac/1889/Rivers_Edge_The_Siene_at_Herblay.jpg
455,Pointillism,static/holdouts/Pointillism/Paul_Signac/1904/La_Voile_verte.jpg
456,Pointillism,static/holdouts/Pointillism/Paul_Signac/1892/Young_Women_of_Provence_at_the_Well.jpg
457,Pointillism,static/holdouts/Pointillism/Paul_Signac/1886/The_Railway_at_Bois_Colombes.jpg
458,Pointillism,static/holdouts/Pointillism/Paul_Signac/XIX-XX_cent./Collioure.jpg
459,Pointillism,"static/holdouts/Pointillism/Paul_Signac/1919/Antibes,_thunderstorms.jpg"
460,Pointillism,static/holdouts/Pointillism/Paul_Signac/1905/Grand_Canal_(Venise).jpg
461,Pointillism,"static/holdouts/Pointillism/Paul_Signac/1911/Antibes,_the_towers.jpg"
462,Pointillism,"static/holdouts/Pointillism/Paul_Signac/1914/Antibes,_Evening.jpg"
463,Pointillism,"static/holdouts/Pointillism/Paul_Signac/1906/Marseille,_an_Old_Port.jpg"
464,Pointillism,static/holdouts/Pointillism/Paul_Signac/1896/Golfe_Juan.jpg
465,Pointillism,static/holdouts/Pointillism/Paul_Signac/1921/Port_of_La_Rochelle.jpg
466,Pointillism,static/holdouts/Pointillism/Paul_Signac/1898/Dutch_Mill_at_Edam.jpg
467,Pointillism,"static/holdouts/Pointillism/Paul_Signac/1899/Samois,_Study_Nr._8.jpg"
468,Pointillism,static/holdouts/Pointillism/Paul_Signac/1887/Chateau_de_Comblat.jpg
469,Pointillism,static/holdouts/Pointillism/Paul_Signac/1890/Portrait_of_Felix_Feneon.jpg
470,Pointillism,"static/holdouts/Pointillism/Henri-Edmond_Cross/1893/The_Farm,_Evening.jpg"
471,Pointillism,static/holdouts/Pointillism/Henri-Edmond_Cross/1903-1905/Venice_Palazzo_Venier_dei_Leoni.jpg
472,Pointillism,static/holdouts/Pointillism/Henri-Edmond_Cross/1903/Siesta_by_the_Water.jpg
473,Pointillism,static/holdouts/Pointillism/Henri-Edmond_Cross/1896-1899/Landscape.jpg
474,Pointillism,static/holdouts/Pointillism/Henri-Edmond_Cross/1895/By_the_Mediterranean.jpg
475,Pointillism,static/holdouts/Pointillism/Henri-Edmond_Cross/1899-1900/Family_of_Swans.jpg
476,Pointillism,static/holdouts/Pointillism/Henri-Edmond_Cross/1899-1902/View_of_Menton.jpg
477,Pointillism,static/holdouts/Pointillism/Henri-Edmond_Cross/1900/Provence_Landscape.jpg
478,Pointillism,static/holdouts/Pointillism/Henri-Edmond_Cross/1901-1905/The_Pink_House.jpg
479,Pointillism,static/holdouts/Pointillism/Henri-Edmond_Cross/1892-1895/Bathers.jpg
480,Pointillism,static/holdouts/Pointillism/Henri-Edmond_Cross/1891/Coast_Near_Antibes.jpg
481,Pointillism,static/holdouts/Pointillism/Henri-Edmond_Cross/1891-1892/The_Iles_de_Or.jpg
482,Pointillism,"static/holdouts/Pointillism/Henri-Edmond_Cross/1903-1904/San_Giorgio_Maggiore,_Venice.jpg"
483,Pointillism,static/holdouts/Pointillism/Henri-Edmond_Cross/1905/The_Flowered_Terrace.jpg
484,Pointillism,static/holdouts/Pointillism/Henri-Edmond_Cross/1901/Portrait_of_Madame_Cross.jpg
485,Pointillism,static/holdouts/Pointillism/Henri-Edmond_Cross/1906/The_Bay_of_Cavaliere_study.jpg
486,Pointillism,static/holdouts/Pointillism/Henri-Edmond_Cross/1896/Coastal_View_with_Cypress_Trees.jpg
487,Pointillism,static/holdouts/Pointillism/Henri-Edmond_Cross/1898/Provence_Landscape.jpg
488,Pointillism,"static/holdouts/Pointillism/Henri-Edmond_Cross/1902/The_Beach,_Evening.jpg"
489,Pointillism,static/holdouts/Pointillism/Henri-Edmond_Cross/1899/Ranelagh.jpg
490,Pointillism,static/holdouts/Pointillism/Georges_Lacombe/1905/Oaks_and_Blueberry_Bushes.jpg
491,Pointillism,static/holdouts/Pointillism/Albert_Dubois-Pillet/1885/Ankerplaats.jpg
492,Pointillism,static/holdouts/Pointillism/Albert_Dubois-Pillet/XIX_cent./Little_Circus_Camp.jpg
493,Pointillism,static/holdouts/Pointillism/Albert_Dubois-Pillet/1886/Landscape_with_Lock.jpg
494,Pointillism,static/holdouts/Pointillism/Georges_Ribemont-Dessaignes/1905/Paysage_du_Midi.jpg
495,Pointillism,static/holdouts/Pointillism/Charles_Angrand/1889/The_Seine_at_Dawn.jpg
496,Pointillism,static/holdouts/Pointillism/Charles_Angrand/1892/The_Harvesters.jpg
497,Pointillism,static/holdouts/Pointillism/Charles_Angrand/1886/Path_in_the_Country.jpg
498,Pointillism,static/holdouts/Pointillism/Charles_Angrand/1887/Couple_in_the_street.jpg
